"Id","Latitude","Longitude","Perzone"
"AAB-S01R1",65.677137,-37.914921,"Isolated"
"AAB-S01R2",65.677173,-37.914875,"Isolated"
"AAB-S01R3",65.677218,-37.914956,"Isolated"
"AAB-S01R4",65.677193,-37.914988,"Isolated"
"AAB-S01R5",65.677182,-37.914924,"Isolated"
"AAB-S02R1",65.677505,-37.912336,"Isolated"
"AAB-S02R2",65.677496,-37.912192,"Isolated"
"AAB-S02R3",65.677474,-37.912302,"Isolated"
"AAB-S02R4",65.677427,-37.912078,"Isolated"
"AAB-S02R5",65.677406,-37.912189,"Isolated"
"AAB-S03R1",65.677566,-37.910668,"Isolated"
"AAB-S03R2",65.67754,-37.910749,"Isolated"
"AAB-S03R3",65.677494,-37.910583,"Isolated"
"AAB-S03R4",65.677527,-37.910517,"Isolated"
"AAB-S03R5",65.677504,-37.910778,"Isolated"
"AAB-S04R1",65.67787,-37.908455,"Isolated"
"AAB-S04R2",65.677925,-37.908394,"Isolated"
"AAB-S04R3",65.677874,-37.908327,"Isolated"
"AAB-S04R4",65.67791,-37.908302,"Isolated"
"AAB-S04R5",65.677833,-37.908449,"Isolated"
"AAB-S05R1",65.678084,-37.905575,"Isolated"
"AAB-S05R2",65.678006,-37.905522,"Isolated"
"AAB-S05R3",65.678018,-37.905495,"Isolated"
"AAB-S05R4",65.678041,-37.905567,"Isolated"
"AAB-S05R5",65.678023,-37.905653,"Isolated"
"AAB-S06R1",65.678546,-37.901379,"Isolated"
"AAB-S06R2",65.678479,-37.901654,"Isolated"
"AAB-S06R3",65.678469,-37.90158,"Isolated"
"AAB-S06R4",65.67851,-37.90148,"Isolated"
"AAB-S06R5",65.678518,-37.901359,"Isolated"
"AAB-S07R1",65.678459,-37.899066,"Isolated"
"AAB-S07R2",65.678502,-37.89889,"Isolated"
"AAB-S07R3",65.678424,-37.89912,"Isolated"
"AAB-S07R4",65.678413,-37.899051,"Isolated"
"AAB-S07R5",65.678433,-37.899088,"Isolated"
"AAB-S08R1",65.678367,-37.895913,"Isolated"
"AAB-S08R2",65.678317,-37.895807,"Isolated"
"AAB-S08R3",65.678309,-37.896078,"Isolated"
"AAB-S08R4",65.678375,-37.89605,"Isolated"
"AAB-S08R5",65.678278,-37.89592,"Isolated"
"AAB-S09R1",65.67932,-37.895123,"Isolated"
"AAB-S09R2",65.679319,-37.895293,"Isolated"
"AAB-S09R3",65.679275,-37.89533,"Isolated"
"AAB-S09R4",65.679297,-37.89523,"Isolated"
"AAB-S09R5",65.679256,-37.895185,"Isolated"
"AAB-S10R1",65.679602,-37.893563,"Isolated"
"AAB-S10R2",65.679614,-37.893451,"Isolated"
"AAB-S10R3",65.679651,-37.89348,"Isolated"
"AAB-S10R4",65.679618,-37.893468,"Isolated"
"AAB-S11R1",65.678856,-37.804585,"Isolated"
"AAB-S11R2",65.678866,-37.804602,"Isolated"
"AAB-S11R3",65.67888,-37.804556,"Isolated"
"AAB-S12R1",65.673637,-37.837044,"Isolated"
"AAB-S12R2",65.673635,-37.837072,"Isolated"
"AAB-S12R3",65.673635,-37.836994,"Isolated"
"AAB-S13R1",65.672028,-37.854009,"Isolated"
"AAB-S13R2",65.672088,-37.853903,"Isolated"
"AAB-S13R3",65.672043,-37.854006,"Isolated"
"AAB-S14R1",65.675105,-37.861133,"Isolated"
"AAB-S14R2",65.675139,-37.861121,"Isolated"
"AAB-S14R3",65.675077,-37.86118,"Isolated"
"AAB-S15R1",65.674477,-37.900733,"Isolated"
"AAB-S15R2",65.674524,-37.900701,"Isolated"
"AAB-S15R3",65.674545,-37.900623,"Isolated"
"AAB-S16R1",65.68728,-37.878649,"Isolated"
"AAB-S16R2",65.687486,-37.878897,"Isolated"
"AAB-S16R3",65.68755,-37.878821,"Isolated"
"AAB-S16R4",65.687482,-37.878943,"Isolated"
"AAB-S16R5",65.68756,-37.878883,"Isolated"
"AAB-S17R1",65.686309,-37.880918,"Isolated"
"AAB-S17R2",65.686287,-37.880836,"Isolated"
"AAB-S17R3",65.686287,-37.880847,"Isolated"
"AAB-S17R4",65.686266,-37.880908,"Isolated"
"AAB-S17R5",65.686291,-37.880909,"Isolated"
"AAB-S18R1",65.68589,-37.882196,"Isolated"
"AAB-S18R2",65.685865,-37.882176,"Isolated"
"AAB-S18R3",65.685891,-37.882173,"Isolated"
"AAB-S18R4",65.685883,-37.882209,"Isolated"
"AAB-S18R5",65.685888,-37.882242,"Isolated"
"AAB-S19R1",65.685348,-37.883068,"Isolated"
"AAB-S19R2",65.685337,-37.883086,"Isolated"
"AAB-S19R3",65.685362,-37.883208,"Isolated"
"AAB-S19R4",65.68535,-37.883139,"Isolated"
"AAB-S19R5",65.685312,-37.883151,"Isolated"
"AAB-S20R1",65.685051,-37.884582,"Isolated"
"AAB-S20R2",65.685072,-37.884694,"Isolated"
"AAB-S20R3",65.685027,-37.88463,"Isolated"
"AAB-S20R4",65.685048,-37.884576,"Isolated"
"AAB-S20R5",65.68502,-37.884602,"Isolated"
"AAB-S21R1",65.685021,-37.885588,"Isolated"
"AAB-S21R2",65.684976,-37.885513,"Isolated"
"AAB-S21R3",65.684948,-37.885616,"Isolated"
"AAB-S21R4",65.685002,-37.885597,"Isolated"
"AAB-S21R5",65.685032,-37.88553,"Isolated"
"AAB-S22R1",65.683672,-37.890848,"Isolated"
"AAB-S22R2",65.683694,-37.890746,"Isolated"
"AAB-S22R3",65.683631,-37.890433,"Isolated"
"AAB-S22R4",65.683633,-37.890811,"Isolated"
"AAB-S22R5",65.683679,-37.89078,"Isolated"
"AAB-S23R1",65.682098,-37.895153,"Isolated"
"AAB-S23R2",65.682049,-37.895101,"Isolated"
"AAB-S23R3",65.682077,-37.894991,"Isolated"
"AAB-S23R4",65.682122,-37.894995,"Isolated"
"AAB-S23R5",65.682088,-37.894923,"Isolated"
"AAB-S24R1",65.681252,-37.898128,"Isolated"
"AAB-S24R2",65.681217,-37.898153,"Isolated"
"AAB-S24R3",65.681263,-37.898032,"Isolated"
"AAB-S24R4",65.681255,-37.898062,"Isolated"
"AAB-S24R5",65.68128,-37.898157,"Isolated"
"AAB-S25R1",65.679355,-37.899433,"Isolated"
"AAB-S25R2",65.67933,-37.899563,"Isolated"
"AAB-S25R3",65.679344,-37.89937,"Isolated"
"AAB-S25R4",65.67931,-37.899481,"Isolated"
"AAB-S25R5",65.679338,-37.899467,"Isolated"
"AAB-S26R1",65.676587,-37.932246,"Isolated"
"AAB-S26R2",65.676528,-37.932201,"Isolated"
"AAB-S26R3",65.676558,-37.932175,"Isolated"
"AAB-S26R4",65.676545,-37.932335,"Isolated"
"AAB-S26R5",65.676655,-37.932375,"Isolated"
"AAB-S27R1",65.614318,-37.699111,"Isolated"
"AAB-S27R2",65.614394,-37.698992,"Isolated"
"AAB-S27R3",65.614384,-37.699152,"Isolated"
"AAB-S27R4",65.614413,-37.699136,"Isolated"
"AAB-S27R5",65.614361,-37.699084,"Isolated"
"AAB-S28R1",65.623247,-37.680327,"Isolated"
"AAB-S28R2",65.623254,-37.680268,"Isolated"
"AAB-S28R3",65.623239,-37.680175,"Isolated"
"AAB-S28R4",65.623232,-37.680099,"Isolated"
"AAB-S28R5",65.623233,-37.680241,"Isolated"
"AAB-S29R1",65.62619,-37.665221,"Isolated"
"AAB-S29R2",65.626184,-37.665318,"Isolated"
"AAB-S29R3",65.626234,-37.665274,"Isolated"
"AAB-S29R4",65.626235,-37.665148,"Isolated"
"AAB-S29R5",65.626215,-37.665188,"Isolated"
"AAB-S31R1",67.08520099,-50.30051901,"Continuous"
"AAB-S31R2",67.08520099,-50.30051901,"Continuous"
"AAB-S31R3",67.08520099,-50.30051901,"Continuous"
"AAB-S32R1",67.06174901,-50.38984604,"Continuous"
"AAB-S32R2",67.06174901,-50.38984604,"Continuous"
"AAB-S32R3",67.06174901,-50.38984604,"Continuous"
"AAB-S33R1",67.03752698,-50.57027497,"Continuous"
"AAB-S33R2",67.03752698,-50.57027497,"Continuous"
"AAB-S33R3",67.03752698,-50.57027497,"Continuous"
"ANP-S42R1",69.27,-53.491,"Discontinuous"
"ANP-S42R2",69.27,-53.491,"Discontinuous"
"ANP-S42R3",69.27,-53.491,"Discontinuous"
"ANP-S42R4",69.27,-53.491,"Discontinuous"
"ANP-S42R5",69.27,-53.491,"Discontinuous"
"ANP-S43R1",69.2652,-53.4671,"Discontinuous"
"ANP-S43R2",69.2652,-53.4671,"Discontinuous"
"ANP-S43R3",69.2652,-53.4671,"Discontinuous"
"ANP-S43R4",69.2652,-53.4671,"Discontinuous"
"ANP-S43R5",69.2652,-53.4671,"Discontinuous"
"DAS-S51R1",77.4773,-69.2168,"Continuous"
"DAS-S51R2",77.47735,-69.21672,"Continuous"
"DAS-S51R3",77.47727,-69.21668,"Continuous"
"DAS-S51R4",77.47733,-69.21648,"Continuous"
"DAS-S51R5",77.47728,-69.21703,"Continuous"
"DAS-S52R1",77.500867,-69.155467,"Continuous"
"DAS-S52R2",77.5008,-69.155567,"Continuous"
"DAS-S52R3",77.500717,-69.155433,"Continuous"
"DAS-S52R4",77.500733,-69.155933,"Continuous"
"DAS-S52R5",77.500867,-69.156183,"Continuous"
"DAS-S53R1",77.493333,-69.184433,"Continuous"
"DAS-S53R2",77.4933,-69.184633,"Continuous"
"DAS-S53R3",77.493233,-69.18495,"Continuous"
"DAS-S53R4",77.4934,-69.185,"Continuous"
"DAS-S53R5",77.49325,-69.184417,"Continuous"
"JFJ-S34R1",65.9648,-37.1111,"Sporadic"
"JFJ-S34R2",65.9649,-37.1112,"Sporadic"
"JFJ-S34R3",65.9648,-37.1115,"Sporadic"
"JFJ-S34R4",65.9649,-37.1116,"Sporadic"
"JFJ-S34R5",65.9648,-37.1116,"Sporadic"
"JFJ-S35R1",65.9785,-37.0837,"Sporadic"
"JFJ-S35R2",65.9785,-37.0835,"Sporadic"
"JFJ-S35R3",65.9785,-37.0834,"Sporadic"
"JFJ-S35R4",65.9786,-37.0832,"Sporadic"
"JFJ-S35R5",65.9786,-37.0831,"Sporadic"
"JFJ-S36R1",65.9483,-36.6701,"Sporadic"
"JFJ-S36R2",65.9483,-36.6702,"Sporadic"
"JFJ-S36R3",65.9483,-36.6703,"Sporadic"
"JFJ-S36R4",65.9483,-36.6705,"Sporadic"
"JFJ-S36R5",65.9482,-36.6705,"Sporadic"
"JFJ-S37R1",66.0451,-37.9288,"Sporadic"
"JFJ-S37R2",66.0452,-37.9288,"Sporadic"
"JFJ-S37R3",66.0452,-37.9286,"Sporadic"
"JFJ-S37R4",66.0453,-37.9288,"Sporadic"
"JFJ-S37R5",66.0453,-37.9286,"Sporadic"
"JFJ-S38R1",65.5623,-37.1771,"Isolated"
"JFJ-S38R2",65.5623,-37.1772,"Isolated"
"JFJ-S38R3",65.5622,-37.1773,"Isolated"
"JFJ-S38R4",65.5621,-37.1771,"Isolated"
"JFJ-S38R5",65.5621,-37.1769,"Isolated"
"KKK-S54R1",65.78798,-52.65552,"Sporadic"
"KKK-S54R2",65.78787,-52.65552,"Sporadic"
"KKK-S54R3",65.78805,-52.65503,"Sporadic"
"KKK-S55R1",65.579,-52.75486,"Sporadic"
"KKK-S55R2",65.57916,-52.75467,"Sporadic"
"KKK-S55R3",65.57922,-52.75519,"Sporadic"
"KKK-S56R1",64.07246,-51.02612,"Sporadic"
"KKK-S56R2",64.07264,-51.0262,"Sporadic"
"KKK-S56R3",64.07243,-51.02675,"Sporadic"
"KKK-S57R1",63.38746,-50.78231,"Sporadic"
"KKK-S57R2",63.38728,-50.7821,"Sporadic"
"KKK-S57R3",63.3875,-50.78184,"Sporadic"
"KKK-S58R1",62.99023,-49.79928,"Sporadic"
"KKK-S58R2",62.99039,-49.79911,"Sporadic"
"KKK-S58R3",62.99031,-49.79962,"Sporadic"
"KKK-S59R1",63.05969,-49.78088,"Sporadic"
"KKK-S59R2",63.05974,-49.78127,"Sporadic"
"KKK-S59R3",63.05999,-49.78082,"Sporadic"
"KKK-S60R1",60.97168,-47.05438,"Isolated"
"KKK-S60R2",60.97182,-47.05449,"Isolated"
"KKK-S60R3",60.97187,-47.05402,"Isolated"
"KKK-S61R1",60.95152,-46.93861,"Isolated"
"KKK-S61R2",60.95137,-46.9391,"Isolated"
"KKK-S61R3",60.95159,-46.93929,"Isolated"
"LAL-S44R1",59.96858,-43.8197,"Isolated"
"LAL-S44R2",59.96853,-43.81973333,"Isolated"
"LAL-S44R3",59.9684833,-43.81973333,"Isolated"
"LAL-S44R4",59.96843333,-43.81971667,"Isolated"
"LAL-S44R5",59.96836667,-43.8197,"Isolated"
"LAL-S45R1",60.58288333,-45.0524,"Isolated"
"LAL-S45R2",60.58295,-45.05228333,"Isolated"
"LAL-S45R3",60.58305,-45.05211667,"Isolated"
"LAL-S45R4",60.58311667,-45.05201667,"Isolated"
"LAL-S45R5",60.58313333,-45.05188333,"Isolated"
"NKL-S46R1",72.809231,-55.054267,"Continuous"
"NKL-S46R2",72.809231,-55.054267,"Continuous"
"NKL-S46R3",72.809231,-55.054267,"Continuous"
"NKL-S47R1",72.764833,-53.942683,"Continuous"
"NKL-S47R2",72.764833,-53.942683,"Continuous"
"NKL-S47R3",72.764833,-53.942683,"Continuous"
"PGN-S62R1",69.20602,-51.10254,"Continuous"
"PGN-S62R2",69.20601,-51.10267,"Continuous"
"PGN-S62R3",69.20598,-51.10274,"Continuous"
"PGN-S62R4",69.20601,-51.10284,"Continuous"
"PGN-S62R5",69.20607,-51.10255,"Continuous"
"PLA-S39R1",69.29,-53.596,"Discontinuous"
"PLA-S39R2",69.29,-53.596,"Discontinuous"
"PLA-S39R3",69.29,-53.596,"Discontinuous"
"PLA-S39R4",69.29,-53.596,"Discontinuous"
"PLA-S39R5",69.29,-53.596,"Discontinuous"
"PLA-S40R1",69.2861,-53.596,"Discontinuous"
"PLA-S40R2",69.2861,-53.596,"Discontinuous"
"PLA-S40R3",69.2861,-53.596,"Discontinuous"
"PLA-S40R4",69.2861,-53.596,"Discontinuous"
"PLA-S40R5",69.2861,-53.596,"Discontinuous"
"PLA-S41R1",69.277,-53.579,"Discontinuous"
"PLA-S41R2",69.277,-53.579,"Discontinuous"
"PLA-S41R3",69.277,-53.579,"Discontinuous"
"PLA-S41R4",69.277,-53.579,"Discontinuous"
"PLA-S41R5",69.277,-53.579,"Discontinuous"
"TUW-S63R1",67.01972222,-50.695,"Continuous"
"TUW-S63R2",67.01972222,-50.69472222,"Continuous"
"TUW-S63R3",67.02,-50.69416667,"Continuous"
"TUW-S63R4",67.02,-50.695,"Continuous"
"TUW-S63R5",67.01972222,-50.69416667,"Continuous"
"TUW-S64R1",69.22694444,-51.09388889,"Continuous"
"TUW-S64R2",69.22694444,-51.09416667,"Continuous"
"TUW-S64R3",69.22666667,-51.09416667,"Continuous"
"TUW-S64R4",69.22722222,-51.09388889,"Continuous"
"TUW-S64R5",69.22694444,-51.09361111,"Continuous"
"TUW-S65R1",66.93722222,-53.67361111,"Sporadic"
"TUW-S65R2",66.9375,-53.67416667,"Sporadic"
"TUW-S65R3",66.93722222,-53.67416667,"Sporadic"
"TUW-S65R4",66.93722222,-53.67416667,"Sporadic"
"TUW-S65R5",66.9375,-53.67361111,"Sporadic"
"VJW-S48R1",77.77008333,-70.33145,"Continuous"
"VJW-S48R2",77.77003333,-70.33105,"Continuous"
"VJW-S48R3",77.77,-70.33113333,"Continuous"
"VJW-S48R4",77.7701,-70.33111667,"Continuous"
"VJW-S48R5",77.77003333,-70.33115,"Continuous"
"VJW-S49R1",76.45096667,-69.34176667,"Continuous"
"VJW-S49R2",76.45088333,-69.34165,"Continuous"
"VJW-S49R3",76.45086667,-69.34186667,"Continuous"
"VJW-S49R4",76.45093333,-69.3416,"Continuous"
"VJW-S49R5",76.4509,-69.34196667,"Continuous"
"VJW-S50R1",68.70256667,-52.98968333,"Discontinuous"
"VJW-S50R2",68.70208333,-52.99083333,"Discontinuous"
"VJW-S50R3",68.69898333,-52.98096667,"Discontinuous"
"VJW-S50R4",68.70273333,-52.98976667,"Discontinuous"
"VJW-S50R5",68.70625,-52.99345,"Discontinuous"
